name,strasse,plz,ort,telefon,website,email
Hardline Cleaners,Hauptstraße 10,58802,Balve,+49 2375 9375800,https://hardlinecleaners.com/,info@hardlinecleaners.de
Gebäudeservice Amico,Hatzfelder Straße 42,33104,Paderborn,,,
Happy Clean Gebäudereinigung,Annaberger Straße 122,53175,Bonn,,,
CrissClean,,,,,,
Gebäudereinigung Kleinert,Auf der Heide 11,44803,Bochum,+49 234 324080,https://gebaeudereinigung-kleinert.de/,info@gebaeudereinigung-kleinert.de
Glas- und Gebäudereinigung,Rheydter Straße 62,41464,Neuss,+49 152 23121173,https://al-gebäudereinigung.de/,
Saubermeister,,,,,,
Yildiz Glas & Gebäudereinigung,Werstener Feld 74,40591,Düsseldorf,,,
KM CLEAN,Geiststraße 68,48151,Münster,,,
GlanzwerkOWL,Stapenhorststraße 43,33615,Bielefeld,+49 176 62941207,https://www.glanzwerk-owl.de/,
amadienst,Schützenstraße 1,,,,,
Gebäudereinigung Klöckner,,,,,,
GARANT Haushalt & Gebäudereinigung,Hinterstraße 71,57072,Siegen,+49 151 24295167,http://www.gebaudereinigung-garant.de,info@gebaudereinigung-garant.de
Picco Bella,,,,,,
CleanFixReinigung,,,,,,
Aksu Cleaning,,,,+49 163 90 541 44,https://aksu-cleaning.de/,info@aksu-cleaning.de
Vogt Gebäudereinigung,,,,,https://www.dorsten-gebaeudereinigung.de/,
Textilpflege Kokkinos,,,,,,
Zander Gebäudereinigung,,,,+49 521 31021,https://www.gebaeudereinigung-zander.de/,
Sauberkeits Lösungen,Mont-Cenis-Straße 22,44623,Herne,,,
RWS Holding GmbH,Im Sundernkamp 10,32130,Enger,+49 5224 9810-0,http://www.rws-enger.de/,
Glanzpunkt,Brinkstraße 3,46325,Borken,,,
AS Glas- und Gebäudereinigungsservice GmbH,,,,+49 2051 251150,https://as-velbert.de/,info@as-velbert.de
Clean Active,,33818,,,,
Rein & Fair,Ricarda-Huch-Straße 31,40595,Düsseldorf,,,
InnoTech Gebäude-Services,Friedrichstraße 7,45525,Hattingen,,,
KGK Münster,Dorpatweg 11,48159,Münster,+49 251 1312878,,kgk-kortmann@t-online.de
Elzet GmbH Glas- u.. Gebäudereinigung,Mausegatt 54,44866,Bochum,,,
Haushaltshilfenvermittlung Die Rheinperlen,Roßstraße 16,40476,Düsseldorf,,https://www.die-rheinperlen.de/,
solidclean,Thingstraße 44,45527,Hattingen,+49 2324 9900401,,
Schulz,,,,,,
Quadrat Immobilienservice GmbH,Fred-Ape-Weg 79,44263,Dortmund,+4923156777267,https://quadrat-immobilienservice.de/,
Wolfgang Olbrisch,Am Surck 61,44225,Dortmund,,,
Gebäuderreinigung R. Steinshorn,Kreuzbergstraße 27,42899,Remscheid,,,
Reiner Pawlowski Gebäudereinigung,Duisburger Straße 274,45478,Mülheim an der Ruhr,+49 208 863009,,
D&S Glas- und Gebäudereinigung,Duisburger Straße 115,45479,Mülheim an der Ruhr,,,
Sonderreinigungsservice Meisun Funkat,Lerchenweg 28,59269,Beckum,,,
Sonderreinigungsservice Meisun Funkat,Lerchenweg 28,59269,Beckum,,,
Sonderreinigungsservice Meisun Funkat,Lerchenweg 28,59269,Beckum,,,
Hygienica Bautenreinigungs- und Pflege GmbH & Co. KG,Hindenburgstraße 39,41352,Korschenbroich,+49 2161 642374,http://www.hygienica.com/,
AIS Industrieservice,Mühlenstraße 70a,41352,Korschenbroich,+49 2161 9994890,http://www.ais-dienst.de,
EYE Gebäudereinigung,Wehrstraße 90,50127,Bergheim,,,
Wediso Dienstleistungen,Niederbergheimer Straße 17,59494,Soest,,,
Gebäudeservice Rhein-Sieg,Kaiserstraße 137,53721,Siegburg,,,
Gebäudereinigung Ascheberg,,,,,,
Gebäudereinigung Lutz Kottmeyer,,,,+49 5221 61672,https://kottmeyer.net/,
Safe Clean and More,,,,+49 174 7029160,,
Putz-Team.de Gebäudereinigung,Schallemicher Straße 12,51519,Odenthal,+49 2207 8471150,https://www.putz-team.de/,
SFG Glas- und Gebäudereinigung,Reichsweg 5,52068,Aachen,+49 241 91995209,,
Blitzeblank,,,,,,
ACputzig,Burtscheider Straße 26-28,52064,Aachen,+49 241 96109748,https://acputzig.de/,schmitz@acputzig.de
aktiv Gebäudereinigung,Höninger Platz 29,50969,Köln,+49 221 16880990,https://www.aktiv-koeln.de/,info@aktiv-koeln.de
Gebäudereinigung plan-b-services,Frankenforster Straße 21,51427,Bergisch Gladbach,+49 2204 9148597,https://plan-b-services.de/,info@plan-b-services.de
Möcklinghoff GmbH,Eupener Straße 6,44627,Herne,,https://www.moecklinghoffgmbh.de/,
Gebäudereinigung RuhrTeam NRW GmbH,Elbestraße 33,44791,Bochum,+49 234 54472400,https://gebaeudereinigung-ruhrteam.de/,
Neuschulten,,,,,,
Treumopp - Reinigungs- und Hygieneartikel,Große Flurstraße 69,42275,Wuppertal,+49 177 4418715,https://treu-mopp.de/,info@treu-mopp.de
Haushaltshilfe „Klar Schiff”,Herner Straße 61,44791,Bochum,,,
Pohl,Zeissstraße 1,53359,Rheinbach,,,
Streifenlos,Balhorner Feld 22,33106,Paderborn,,https://www.streifenlos-gebäudereinigung.de,
R&W Gebäudereinigung,Auf dem Toelen 2,59229,Ahlen,,,
Der Putzbär,,,,,,
I.C.C. Gebäudereinigung,,,,+49 221 1209830,,
Gecarex Glas- und Gebäudereinigung Facilitymanagement,,,,,,
Kristallklar Glasreinigung,Fürstenbergstraße 33,,,+49 160 98644385,,kristallklarkoeln@gmail.com
Schneider & Ehret GmbH,Auf der Höhe 6,44536,Lünen,,,
TippToppClean,,,,,https://www.tipptoppclean.de/,
Greco,,,,,,
cleanImmo,Parsevalstraße 76,45470,Mülheim an der Ruhr,+49 174 9413368,https://cleanimmo.de,info@cleanimmo.de
Hochglanz Gebäudereinigung,Schillerstraße 8,59269,Beckum,,https://hochglanz-gebaeudereinigung.de,
Gebäudereinigung Wicharz,Herkenrathweg 19,51107,Köln,+49 221 851143,https://gebaeudereinigung-wicharz.de/,support@gebaeudereinigung-wicharz.de
Skyline,Carl-Severing-Straße 79,33649,Bielefeld,+49 521 91455695,https://www.skyline-reinigung.de,
Gebäudereinigung Scheene,Brinkstraße 68,58097,Hagen,+492331 61059,https://www.scheene.nrw,
Rein & Pro,Holzgasse 4-20,53721,Siegburg,,,
gepe Gebäudedienste Peterhoff,,,,+49 2421 84090,https://www.gepe-peterhoff.de/,
Spodeck FassadenProfi,Strümpenbusch 4,44357,Dortmund,+49 231 4251560,https://www.spodeck-fassadenprofi.de/,
DT Glasreinigung + Gebäudedienste,Vorhelmer Straße 310a,59269,Beckum,,https://www.dt-glasreinigung.de,
Bast Gebäudereinigung,Pingsdorfer Straße 98-100,,,+49 2232 943595,,
Glanzwerk Gebäudereinigung & Service,Große Weilstraße 3,45525,Hattingen,,https://www.gs-glanzwerk.de/,info@gs-glanzwerk.de
Gebäudemanagement Egemann,Hardenbergstraße 93,47799,Krefeld,+49 2151 9718220,www.hausmeister-krefeld.de,
PutzMeister Büroreinigung Düsseldorf,Rethelstraße 47,40237,Düsseldorf,+49 211 94254900,https://www.bueroreinigung-duesseldorf.de,service@bueroreinigung-duesseldorf.de
A&D Happy Glanz,Bamenohler Straße 272,57413,Finnentrop,+49 15208557019,https://www.valentinadgebaeudereinigungsservice.de/,
Verler Gebäudereinigung,,,,,,
Gebäudereinigung Kellner,Rathausstraße 62,51570,Windeck,,,
Levi Putz,Hauptstraße 102,51465,Bergisch Gladbach,,https://www.leviputz.de/,
Ajeti Gebäudereinigung,Herforder Straße 232,33609,Bielefeld,+49 521 91 45 03 80,https://www.ajeti-gebaeudereinigung.com/,info@ajeti-gebaeudereinigung.com
Clean-Fix Gebäudereinigung,,,,+49 2331 5963572,https://www.clean-fix-hagen.de,clean-fix@gmx.net
Reinigungsservice Schned,,,,,https://reinigungsservice-schned.de,
Niemarkt & Partner,,,,,https://www.niemarkt.de/,
IWS Industrie- und Werksreinigung Servicepersonal,,,,,https://iws-bocholt.de/,
Glas- und Gebäudereiniger Olaf Winkler,,,,,,
City-Reinigung,,,,,,
Cleanpany Gebäudereinigung,Münsterstraße 399,40470,Düsseldorf,+49 172 8977971,https://cleanpany.de/,
EGS Gruppe Haushaltsauflösung & Entrümpelung Duisburg,,,,,,
Gebäudereinigung & Hausmeisterservice Hilden - Lorenz,,,,,,
Flotte Biene,Schildberg 1,,,+49 208 62902157,,
ERKA Facility,Gewerbeparkstraße 4,44339,Dortmund,+49 231 96977527,https://www.gebaeudereinigung-24.de/,
A-Team Gebäudeservice,Hauptstraße 53,47623,Kevelaer,+49 163 2087933,,
Özsan Gebäude- und Industrieservice GmbH,Detmolder Straße 206,33604,Bielefeld,+49 521 3882489,https://www.oezsan.de/,
Total Reinigung,Hohenzollernstraße 84,,,+49 2241 4824580,https://www.totalreinigung-germany.de/,info@totalreinigung-germany.de
LFG Reinigung,Kölner Landstraße 251,,,+49 211 73774746,https://www.lfg-reinigung.de,
Spotless Cleaning Services,Ehinger Straße 111,47249,Duisburg,+49 1556 3887778,https://spotless-de.com,
LS Gebäudereinigung und Mehr,,,,,,
Aachener Objektbetreuung,An der Glashütte 32-34,52074,Aachen,+49 241 5100820,https://www.aachener-objektbetreuung.de/,welcome@aachener-objektbetreuung.de
Reinigungs-Service Freund,,,,,,
Top Rein Service GmbH,,,,,,
t.o.p. Reinigung,Rottstraße 29,52068,Aachen,,https://www.top-reinigung-aachen.de/,
Kruppa,,,,,,
Glas- und Raumreinigung Jean Bou Sanayeh,Pescher Straße 11a,41564,Kaarst,+49 2131 3862879,http://sanayeh-gebaeudereinigung.de/,
Happy Clean Gebäudereinigung,Annaberger Straße 122,,,,,
Rasche,Am Brambusch 9,44536,Lünen,,https://rasche-gmbh.de/,
Stuckenbröker Gebäudereinigung,Friedrichstraße 16,33615,Bielefeld,,,
Gebäudereinigung Herbst GmbH,,,,,,
Facility Germany GmbH,Fosse Bredde 17,33758,Schloß Holte-Stukenbrock,+49 5237 6890601,https://facility-group-germany.de/,
Hygienica Gebäudereinigung,Robert-Bosch-Straße 2,33178,Borchen,,http://www.hygienica.com/,
Cleanup Gebäudemanagement,,,,,,
Schulz Gebäudeservice GmbH & Co. KG,Ahmser Straße 192,32052,Herford,,https://www.sgbs.de/,
Frauen auf Draht,Steinkühlerstraße 4,59269,Beckum,+49 2521 10954,https://www.frauen-auf-draht.com,info@frauenaufdraht.com
SanTec,Österwieher Straße 274,33415,Verl,,https://www.santec-verl.de,
